Mol ID,Hybridization,Avg_NWChemPrediction,Experimental_1JCH,Error,Abs error
205_NWChem_1JCH_mulliken,SP3,154.1471,183.5,29.3529,29.3529
24_NWChem_1JCH_mulliken,SP3,225.77865,212,-13.77865,13.77865
35_NWChem_1JCH_mulliken,SP3,134.0152,145,10.9848,10.9848
204_NWChem_1JCH_mulliken,SP3,151.562,162.5,10.938,10.938
50_NWChem_1JCH_mulliken,SP3,151.478,161.8,10.322,10.322
54_NWChem_1JCH_mulliken,SP3,176.2071,186,9.7929,9.7929
57_NWChem_1JCH_mulliken,SP3,217.5258,209,-8.5258,8.5258
26_NWChem_1JCH_mulliken,SP3,184.9851667,180,-4.9851667,4.9851667
15_NWChem_1JCH_mulliken,SP3,135.2793,140,4.7207,4.7207
29_NWChem_1JCH_mulliken,SP3,213.6112,209.1,-4.5112,4.5112
25_NWChem_1JCH_mulliken,SP3,213.1356,208.8,-4.3356,4.3356
17_NWChem_1JCH_mulliken,SP3,208.7707,205,-3.7707,3.7707
23_NWChem_1JCH_mulliken,SP3,215.5743,212,-3.5743,3.5743
74_NWChem_1JCH_mulliken,SP3,130.21255,133.7,3.48745,3.48745
29_NWChem_1JCH_mulliken,SP3,218.4595,215,-3.4595,3.4595
75_NWChem_1JCH_mulliken,SP3,138.089075,135,-3.089075,3.089075
52_NWChem_1JCH_mulliken,SP3,180.7419,178,-2.7419,2.7419
22_NWChem_1JCH_mulliken,SP3,153.3308,156,2.6692,2.6692
44_NWChem_1JCH_mulliken,SP3,121.0629083,118.4,-2.6629083,2.6629083
218_NWChem_1JCH_mulliken,SP3,128.91355,126.3,-2.61355,2.61355
71_NWChem_1JCH_mulliken,SP3,136.5067,134,-2.5067,2.5067
25_NWChem_1JCH_mulliken,SP3,217.4693,215,-2.4693,2.4693
25_NWChem_1JCH_mulliken,SP3,168.57285,171,2.42715,2.42715
14_NWChem_1JCH_mulliken,SP3,125.4244,123,-2.4244,2.4244
216_NWChem_1JCH_mulliken,SP3,130.7801,133.2,2.4199,2.4199
217_NWChem_1JCH_mulliken,SP3,129.035475,131.4,2.364525,2.364525
20_NWChem_1JCH_mulliken,SP3,130.6553,133,2.3447,2.3447
217_NWChem_1JCH_mulliken,SP3,136.781475,139.1,2.318525,2.318525
76_NWChem_1JCH_mulliken,SP3,125.84375,128,2.15625,2.15625
18_NWChem_1JCH_mulliken,SP3,129.8631,132,2.1369,2.1369
16_NWChem_1JCH_mulliken,SP3,158.88635,161,2.11365,2.11365
22_NWChem_1JCH_mulliken,SP3,127.1086,125,-2.1086,2.1086
15_NWChem_1JCH_mulliken,SP3,178.10585,176,-2.10585,2.10585
72_NWChem_1JCH_mulliken,SP3,132.5121,134.6,2.0879,2.0879
47_NWChem_1JCH_mulliken,SP3,130.9280778,133,2.0719222,2.0719222
203_NWChem_1JCH_mulliken,SP3,140.4733333,142.5,2.0266667,2.0266667
87_NWChem_1JCH_mulliken,SP3,169.5486,167.6,-1.9486,1.9486
138_NWChem_1JCH_mulliken,SP3,128.9094,127,-1.9094,1.9094
36_NWChem_1JCH_mulliken,SP3,144.8107667,146.7,1.8892333,1.8892333
45_NWChem_1JCH_mulliken,SP3,128.8572889,127,-1.8572889,1.8572889
1_NWChem_1JCH_mulliken,SP3,126.8358,125,-1.8358,1.8358
32_NWChem_1JCH_mulliken,SP3,134.2763,136.1,1.8237,1.8237
16_NWChem_1JCH_mulliken,SP3,128.182275,130,1.817725,1.817725
223_NWChem_1JCH_mulliken,SP3,140.7858667,139,-1.7858667,1.7858667
17_NWChem_1JCH_mulliken,SP3,170.7744,169,-1.7744,1.7744
56_NWChem_1JCH_mulliken,SP3,240.861,239.1,-1.761,1.761
39_NWChem_1JCH_mulliken,SP3,139.2896,141,1.7104,1.7104
73_NWChem_1JCH_mulliken,SP3,135.7114,137.4,1.6886,1.6886
51_NWChem_1JCH_mulliken,SP3,167.7343,169.4,1.6657,1.6657
23_NWChem_1JCH_mulliken,SP3,164.5663,163,-1.5663,1.5663
29_NWChem_1JCH_mulliken,SP3,168.48195,170,1.51805,1.51805
221_NWChem_1JCH_mulliken,SP3,139.5005,138,-1.5005,1.5005
37_NWChem_1JCH_mulliken,SP3,139.4959833,138,-1.4959833,1.4959833
75_NWChem_1JCH_mulliken,SP3,126.209025,127.7,1.490975,1.490975
101_NWChem_1JCH_mulliken,SP3,153.5552,155,1.4448,1.4448
207_NWChem_1JCH_mulliken,SP3,127.5635,129,1.4365,1.4365
49_NWChem_1JCH_mulliken,SP3,138.5757333,140,1.4242667,1.4242667
64_NWChem_1JCH_mulliken,SP3,124.6933333,126.1,1.4066667,1.4066667
23_NWChem_1JCH_mulliken,SP3,130.6329,132,1.3671,1.3671
17_NWChem_1JCH_mulliken,SP3,151.6498,153,1.3502,1.3502
11_NWChem_1JCH_mulliken,SP3,123.1538625,124.5,1.3461375,1.3461375
19_NWChem_1JCH_mulliken,SP3,132.95445,134.3,1.34555,1.34555
73_NWChem_1JCH_mulliken,SP3,148.2455,149.5,1.2545,1.2545
33_NWChem_1JCH_mulliken,SP3,131.7514,133,1.2486,1.2486
15_NWChem_1JCH_mulliken,SP3,158.75145,160,1.24855,1.24855
102_NWChem_1JCH_mulliken,SP3,206.4379,205.2,-1.2379,1.2379
27_NWChem_1JCH_mulliken,SP3,155.01585,153.8,-1.21585,1.21585
29_NWChem_1JCH_mulliken,SP3,166.2025,165,-1.2025,1.2025
6_NWChem_1JCH_mulliken,SP3,161.4416,160.3,-1.1416,1.1416
53_NWChem_1JCH_mulliken,SP3,158.9797,160,1.0203,1.0203
25_NWChem_1JCH_mulliken,SP3,166.00885,165,-1.00885,1.00885
43_NWChem_1JCH_mulliken,SP3,148.0927,149.1,1.0073,1.0073
16_NWChem_1JCH_mulliken,SP3,129.0008,130,0.9992,0.9992
70_NWChem_1JCH_mulliken,SP3,174.7062,175.7,0.9938,0.9938
3_NWChem_1JCH_mulliken,SP3,124.4147,125.4,0.9853,0.9853
210_NWChem_1JCH_mulliken,SP3,129.0215,130,0.9785,0.9785
13_NWChem_1JCH_mulliken,SP3,123.37944,124.3,0.92056,0.92056
12_NWChem_1JCH_mulliken,SP3,123.1037667,124,0.8962333,0.8962333
20_NWChem_1JCH_mulliken,SP3,166.8517,166,-0.8517,0.8517
25_NWChem_1JCH_mulliken,SP3,160.3536,161.2,0.8464,0.8464
5_NWChem_1JCH_mulliken,SP3,124.1348083,123.3,-0.8348083,0.8348083
65_NWChem_1JCH_mulliken,SP3,128.1655333,129,0.8344667,0.8344667
29_NWChem_1JCH_mulliken,SP3,150.3327,149.5,-0.8327,0.8327
14_NWChem_1JCH_mulliken,SP3,159.1736,160,0.8264,0.8264
71_NWChem_1JCH_mulliken,SP3,140.8191,140,-0.8191,0.8191
68_NWChem_1JCH_mulliken,SP3,168.808875,168,-0.808875,0.808875
99_NWChem_1JCH_mulliken,SP3,145.80745,145,-0.80745,0.80745
216_NWChem_1JCH_mulliken,SP3,143.79935,144.6,0.80065,0.80065
21_NWChem_1JCH_mulliken,SP3,163.2186,164,0.7814,0.7814
66_NWChem_1JCH_mulliken,SP3,130.6245,131.4,0.7755,0.7755
22_NWChem_1JCH_mulliken,SP3,125.74495,125,-0.74495,0.74495
55_NWChem_1JCH_mulliken,SP3,196.5426,195.8,-0.7426,0.7426
101_NWChem_1JCH_mulliken,SP3,144.8073,144.1,-0.7073,0.7073
48_NWChem_1JCH_mulliken,SP3,138.7045,138,-0.7045,0.7045
22_NWChem_1JCH_mulliken,SP3,204.30925,205,0.69075,0.69075
16_NWChem_1JCH_mulliken,SP3,166.6777,166,-0.6777,0.6777
137_NWChem_1JCH_mulliken,SP3,137.33695,138,0.66305,0.66305
14_NWChem_1JCH_mulliken,SP3,125.342125,126,0.657875,0.657875
139_NWChem_1JCH_mulliken,SP3,125.362625,126,0.637375,0.637375
210_NWChem_1JCH_mulliken,SP3,145.3743333,146,0.6256667,0.6256667
218_NWChem_1JCH_mulliken,SP3,142.71405,142.1,-0.61405,0.61405
99_NWChem_1JCH_mulliken,SP3,136.5959,136,-0.5959,0.5959
14_NWChem_1JCH_mulliken,SP3,158.54945,158,-0.54945,0.54945
189_NWChem_1JCH_mulliken,SP3,140.5482667,140,-0.5482667,0.5482667
9_NWChem_1JCH_mulliken,SP3,124.5816333,125.1,0.5183667,0.5183667
72_NWChem_1JCH_mulliken,SP3,147.00965,146.5,-0.50965,0.50965
102_NWChem_1JCH_mulliken,SP3,168.3061,168.8,0.4939,0.4939
31_NWChem_1JCH_mulliken,SP3,129.5126333,130,0.4873667,0.4873667
222_NWChem_1JCH_mulliken,SP3,129.5234667,130,0.4765333,0.4765333
62_NWChem_1JCH_mulliken,SP3,125.5321,126,0.4679,0.4679
60_NWChem_1JCH_mulliken,SP3,126.0350333,125.6,-0.4350333,0.4350333
8_NWChem_1JCH_mulliken,SP3,128.06768,128.5,0.43232,0.43232
7_NWChem_1JCH_mulliken,SP3,133.16815,133.6,0.43185,0.43185
74_NWChem_1JCH_mulliken,SP3,126.0183,125.6,-0.4183,0.4183
42_NWChem_1JCH_mulliken,SP3,150.4084,150,-0.4084,0.4084
10_NWChem_1JCH_mulliken,SP3,123.2070143,123.6,0.3929857,0.3929857
99_NWChem_1JCH_mulliken,SP3,129.6176,130,0.3824,0.3824
76_NWChem_1JCH_mulliken,SP3,139.7442,139.4,-0.3442,0.3442
88_NWChem_1JCH_mulliken,SP3,137.5407,137.2,-0.3407,0.3407
69_NWChem_1JCH_mulliken,SP3,170.3365,170.6,0.2635,0.2635
28_NWChem_1JCH_mulliken,SP3,125.676525,125.9,0.223475,0.223475
18_NWChem_1JCH_mulliken,SP3,140.8177,141,0.1823,0.1823
100_NWChem_1JCH_mulliken,SP3,135.1741,135,-0.1741,0.1741
21_NWChem_1JCH_mulliken,SP3,144.1728667,144,-0.1728667,0.1728667
99_NWChem_1JCH_mulliken,SP3,132.828425,133,0.171575,0.171575
2_NWChem_1JCH_mulliken,SP3,125.0636,124.9,-0.1636,0.1636
20_NWChem_1JCH_mulliken,SP3,184.8511,185,0.1489,0.1489
100_NWChem_1JCH_mulliken,SP3,147.8526,148,0.1474,0.1474
46_NWChem_1JCH_mulliken,SP3,126.8628667,127,0.1371333,0.1371333
18_NWChem_1JCH_mulliken,SP3,131.8759,132,0.1241,0.1241
30_NWChem_1JCH_mulliken,SP3,127.1042667,127,-0.1042667,0.1042667
101_NWChem_1JCH_mulliken,SP3,132.596,132.7,0.104,0.104
118_NWChem_1JCH_mulliken,SP3,127.1015,127,-0.1015,0.1015
4_NWChem_1JCH_mulliken,SP3,124.0968444,124,-0.0968444,0.0968444
96_NWChem_1JCH_mulliken,SP3,131.0054,131.1,0.0946,0.0946
136_NWChem_1JCH_mulliken,SP3,170.06625,170,-0.06625,0.06625
3_NWChem_1JCH_mulliken,SP3,124.3462333,124.4,0.0537667,0.0537667
4_NWChem_1JCH_mulliken,SP3,124.5441,124.5,-0.0441,0.0441
28_NWChem_1JCH_mulliken,SP3,131.1789,131.2,0.0211,0.0211
94_NWChem_1JCH_mulliken,SP3,125.5842,125.6,0.0158,0.0158
165_NWChem_1JCH_mulliken,SP2,206.9582,187.2,-19.7582,19.7582
104_NWChem_1JCH_mulliken,SP2,211.1446,230,18.8554,18.8554
201_NWChem_1JCH_mulliken,SP2,168.5046,178,9.4954,9.4954
164_NWChem_1JCH_mulliken,SP2,220.2869,213,-7.2869,7.2869
188_NWChem_1JCH_mulliken,SP2,171.9561,165.5,-6.4561,6.4561
60_NWChem_1JCH_mulliken,SP2,159.7275,153.5,-6.2275,6.2275
169_NWChem_1JCH_mulliken,SP2,158.1522,164,5.8478,5.8478
168_NWChem_1JCH_mulliken,SP2,158.1879,164,5.8121,5.8121
168_NWChem_1JCH_mulliken,SP2,164.7961,159,-5.7961,5.7961
154_NWChem_1JCH_mulliken,SP2,190.9497,185.3,-5.6497,5.6497
157_NWChem_1JCH_mulliken,SP2,210.8791,205.5,-5.3791,5.3791
165_NWChem_1JCH_mulliken,SP2,181.862,187.2,5.338,5.338
110_NWChem_1JCH_mulliken,SP2,171.8438,176.7,4.8562,4.8562
108_NWChem_1JCH_mulliken,SP2,157.2348,162,4.7652,4.7652
112_NWChem_1JCH_mulliken,SP2,177.254,182,4.746,4.746
123_NWChem_1JCH_mulliken,SP2,226.7146,222,-4.7146,4.7146
147_NWChem_1JCH_mulliken,SP2,165.2022,169.9,4.6978,4.6978
92_NWChem_1JCH_mulliken,SP2,151.3676,156,4.6324,4.6324
115_NWChem_1JCH_mulliken,SP2,199.4837,194.9,-4.5837,4.5837
125_NWChem_1JCH_mulliken,SP2,262.5094,267,4.4906,4.4906
103_NWChem_1JCH_mulliken,SP2,225.4291,221,-4.4291,4.4291
87_NWChem_1JCH_mulliken,SP2,232.613,228.2,-4.413,4.413
111_NWChem_1JCH_mulliken,SP2,174.9886,171,-3.9886,3.9886
157_NWChem_1JCH_mulliken,SP2,192.5695,188.6,-3.9695,3.9695
184_NWChem_1JCH_mulliken,SP2,176.5412,180.5,3.9588,3.9588
153_NWChem_1JCH_mulliken,SP2,172.6024,168.8,-3.8024,3.8024
60_NWChem_1JCH_mulliken,SP2,153.2648,157,3.7352,3.7352
98_NWChem_1JCH_mulliken,SP2,173.7227,170,-3.7227,3.7227
159_NWChem_1JCH_mulliken,SP2,212.2223,208.6,-3.6223,3.6223
164_NWChem_1JCH_mulliken,SP2,193.6045,190,-3.6045,3.6045
151_NWChem_1JCH_mulliken,SP2,184.4652,188,3.5348,3.5348
158_NWChem_1JCH_mulliken,SP2,197.8079,194.3,-3.5079,3.5079
163_NWChem_1JCH_mulliken,SP2,234.6004,231.1,-3.5004,3.5004
166_NWChem_1JCH_mulliken,SP2,160.8096,164.3,3.4904,3.4904
108_NWChem_1JCH_mulliken,SP2,162.4891,159,-3.4891,3.4891
159_NWChem_1JCH_mulliken,SP2,212.0329,208.6,-3.4329,3.4329
152_NWChem_1JCH_mulliken,SP2,151.7314,155.1,3.3686,3.3686
117_NWChem_1JCH_mulliken,SP2,175.3217,172,-3.3217,3.3217
155_NWChem_1JCH_mulliken,SP2,205.1156,201.8,-3.3156,3.3156
200_NWChem_1JCH_mulliken,SP2,165.2833,162,-3.2833,3.2833
118_NWChem_1JCH_mulliken,SP2,169.1196,172.4,3.2804,3.2804
166_NWChem_1JCH_mulliken,SP2,161.0369,164.3,3.2631,3.2631
80_NWChem_1JCH_mulliken,SP2,161.8217,165,3.1783,3.1783
144_NWChem_1JCH_mulliken,SP2,164.0785,161,-3.0785,3.0785
137_NWChem_1JCH_mulliken,SP2,158.9349,162,3.0651,3.0651
156_NWChem_1JCH_mulliken,SP2,188.5125,185.5,-3.0125,3.0125
169_NWChem_1JCH_mulliken,SP2,163.9468,161,-2.9468,2.9468
116_NWChem_1JCH_mulliken,SP2,162.1203,159.2,-2.9203,2.9203
200_NWChem_1JCH_mulliken,SP2,161.8905,159,-2.8905,2.8905
100_NWChem_1JCH_mulliken,SP2,175.8505,173,-2.8505,2.8505
83_NWChem_1JCH_mulliken,SP2,154.7503,151.9,-2.8503,2.8503
166_NWChem_1JCH_mulliken,SP2,160.057,162.9,2.843,2.843
99_NWChem_1JCH_mulliken,SP2,168.8396,166,-2.8396,2.8396
94_NWChem_1JCH_mulliken,SP2,171.9318,169.1,-2.8318,2.8318
153_NWChem_1JCH_mulliken,SP2,186.1032,183.3,-2.8032,2.8032
144_NWChem_1JCH_mulliken,SP2,162.2413,165,2.7587,2.7587
144_NWChem_1JCH_mulliken,SP2,159.2792,162,2.7208,2.7208
182_NWChem_1JCH_mulliken,SP2,196.8178,199.5,2.6822,2.6822
102_NWChem_1JCH_mulliken,SP2,175.4626,172.8,-2.6626,2.6626
120_NWChem_1JCH_mulliken,SP2,171.1227,173.7,2.5773,2.5773
141_NWChem_1JCH_mulliken,SP2,158.4301,161,2.5699,2.5699
80_NWChem_1JCH_mulliken,SP2,163.058,160.5,-2.558,2.558
78_NWChem_1JCH_mulliken,SP2,151.9878,154.5,2.5122,2.5122
146_NWChem_1JCH_mulliken,SP2,160.5255,163,2.4745,2.4745
148_NWChem_1JCH_mulliken,SP2,205.1646,202.7,-2.4646,2.4646
90_NWChem_1JCH_mulliken,SP2,156.0545,158.4,2.3455,2.3455
144_NWChem_1JCH_mulliken,SP2,159.6557,162,2.3443,2.3443
115_NWChem_1JCH_mulliken,SP2,164.9371,162.6,-2.3371,2.3371
148_NWChem_1JCH_mulliken,SP2,180.4788,182.8,2.3212,2.3212
111_NWChem_1JCH_mulliken,SP2,161.2576,159,-2.2576,2.2576
85_NWChem_1JCH_mulliken,SP2,170.0574,167.8,-2.2574,2.2574
188_NWChem_1JCH_mulliken,SP2,161.2434,163.5,2.2566,2.2566
119_NWChem_1JCH_mulliken,SP2,166.3609,168.6,2.2391,2.2391
186_NWChem_1JCH_mulliken,SP2,164.517,162.3,-2.217,2.217
106_NWChem_1JCH_mulliken,SP2,142.510575,140.3,-2.210575,2.210575
184_NWChem_1JCH_mulliken,SP2,178.6942,176.5,-2.1942,2.1942
168_NWChem_1JCH_mulliken,SP2,158.8784,161,2.1216,2.1216
188_NWChem_1JCH_mulliken,SP2,161.39615,163.5,2.10385,2.10385
131_NWChem_1JCH_mulliken,SP2,150.3055,152.4,2.0945,2.0945
131_NWChem_1JCH_mulliken,SP2,150.3057,152.4,2.0943,2.0943
164_NWChem_1JCH_mulliken,SP2,189.0859,187,-2.0859,2.0859
151_NWChem_1JCH_mulliken,SP2,185.4781,187.5,2.0219,2.0219
168_NWChem_1JCH_mulliken,SP2,162.0062,164,1.9938,1.9938
162_NWChem_1JCH_mulliken,SP2,189.0771,187.1,-1.9771,1.9771
200_NWChem_1JCH_mulliken,SP2,159.0685,161,1.9315,1.9315
130_NWChem_1JCH_mulliken,SP2,158.0751,160,1.9249,1.9249
169_NWChem_1JCH_mulliken,SP2,160.08,162,1.92,1.92
60_NWChem_1JCH_mulliken,SP2,153.8063,151.9,-1.9063,1.9063
170_NWChem_1JCH_mulliken,SP2,158.0944,160,1.9056,1.9056
88_NWChem_1JCH_mulliken,SP2,170.4911,168.6,-1.8911,1.8911
146_NWChem_1JCH_mulliken,SP2,159.1428,161,1.8572,1.8572
81_NWChem_1JCH_mulliken,SP2,150.0551,151.9,1.8449,1.8449
111_NWChem_1JCH_mulliken,SP2,160.8388,159,-1.8388,1.8388
166_NWChem_1JCH_mulliken,SP2,162.4689,164.3,1.8311,1.8311
111_NWChem_1JCH_mulliken,SP2,161.1772,163,1.8228,1.8228
78_NWChem_1JCH_mulliken,SP2,161.7795,160,-1.7795,1.7795
136_NWChem_1JCH_mulliken,SP2,157.2213,159,1.7787,1.7787
165_NWChem_1JCH_mulliken,SP2,211.227,213,1.773,1.773
91_NWChem_1JCH_mulliken,SP2,154.5013,156.2,1.6987,1.6987
176_NWChem_1JCH_mulliken,SP2,161.1114,162.8,1.6886,1.6886
156_NWChem_1JCH_mulliken,SP2,187.1737,185.5,-1.6737,1.6737
187_NWChem_1JCH_mulliken,SP2,164.5538,166.2,1.6462,1.6462
152_NWChem_1JCH_mulliken,SP2,156.4647,158.1,1.6353,1.6353
187_NWChem_1JCH_mulliken,SP2,172.0227,170.4,-1.6227,1.6227
168_NWChem_1JCH_mulliken,SP2,159.4279,161,1.5721,1.5721
157_NWChem_1JCH_mulliken,SP2,190.1568,188.6,-1.5568,1.5568
170_NWChem_1JCH_mulliken,SP2,154.446,156,1.554,1.554
98_NWChem_1JCH_mulliken,SP2,167.55,166,-1.55,1.55
61_NWChem_1JCH_mulliken,SP2,157.7421,156.2,-1.5421,1.5421
170_NWChem_1JCH_mulliken,SP2,157.4591,159,1.5409,1.5409
112_NWChem_1JCH_mulliken,SP2,160.504,159,-1.504,1.504
169_NWChem_1JCH_mulliken,SP2,160.4994,162,1.5006,1.5006
116_NWChem_1JCH_mulliken,SP2,163.6972,162.2,-1.4972,1.4972
82_NWChem_1JCH_mulliken,SP2,149.4845,148,-1.4845,1.4845
163_NWChem_1JCH_mulliken,SP2,196.7829,195.3,-1.4829,1.4829
144_NWChem_1JCH_mulliken,SP2,159.5208,161,1.4792,1.4792
77_NWChem_1JCH_mulliken,SP2,160.6603,159.2,-1.4603,1.4603
108_NWChem_1JCH_mulliken,SP2,159.5627,161,1.4373,1.4373
160_NWChem_1JCH_mulliken,SP2,218.4062,217,-1.4062,1.4062
176_NWChem_1JCH_mulliken,SP2,169.49315,168.1,-1.39315,1.39315
80_NWChem_1JCH_mulliken,SP2,162.0832,160.7,-1.3832,1.3832
156_NWChem_1JCH_mulliken,SP2,178.0606,176.7,-1.3606,1.3606
169_NWChem_1JCH_mulliken,SP2,159.6542,161,1.3458,1.3458
170_NWChem_1JCH_mulliken,SP2,154.6662,156,1.3338,1.3338
169_NWChem_1JCH_mulliken,SP2,159.6683,161,1.3317,1.3317
155_NWChem_1JCH_mulliken,SP2,176.0015,174.7,-1.3015,1.3015
131_NWChem_1JCH_mulliken,SP2,163.0119,164.3,1.2881,1.2881
176_NWChem_1JCH_mulliken,SP2,163.8126,165.1,1.2874,1.2874
168_NWChem_1JCH_mulliken,SP2,160.7239,162,1.2761,1.2761
173_NWChem_1JCH_mulliken,SP2,162.4239,163.7,1.2761,1.2761
170_NWChem_1JCH_mulliken,SP2,158.7271,160,1.2729,1.2729
146_NWChem_1JCH_mulliken,SP2,159.7517,161,1.2483,1.2483
149_NWChem_1JCH_mulliken,SP2,181.4572,182.7,1.2428,1.2428
77_NWChem_1JCH_mulliken,SP2,156.1271,154.9,-1.2271,1.2271
79_NWChem_1JCH_mulliken,SP2,154.5172,153.3,-1.2172,1.2172
94_NWChem_1JCH_mulliken,SP2,165.0961,163.9,-1.1961,1.1961
109_NWChem_1JCH_mulliken,SP2,167.806,169,1.194,1.194
89_NWChem_1JCH_mulliken,SP2,162.7935,161.6,-1.1935,1.1935
112_NWChem_1JCH_mulliken,SP2,163.8174,165,1.1826,1.1826
175_NWChem_1JCH_mulliken,SP2,154.8286,156,1.1714,1.1714
188_NWChem_1JCH_mulliken,SP2,166.6461,165.5,-1.1461,1.1461
133_NWChem_1JCH_mulliken,SP2,178.5217,177.4,-1.1217,1.1217
173_NWChem_1JCH_mulliken,SP2,161.2921,162.4,1.1079,1.1079
146_NWChem_1JCH_mulliken,SP2,179.0983,178,-1.0983,1.0983
131_NWChem_1JCH_mulliken,SP2,169.3842,168.3,-1.0842,1.0842
131_NWChem_1JCH_mulliken,SP2,169.384,168.3,-1.084,1.084
154_NWChem_1JCH_mulliken,SP2,168.0809,167,-1.0809,1.0809
162_NWChem_1JCH_mulliken,SP2,184.5722,183.5,-1.0722,1.0722
186_NWChem_1JCH_mulliken,SP2,156.4455,157.5,1.0545,1.0545
136_NWChem_1JCH_mulliken,SP2,167.4528,168.5,1.0472,1.0472
110_NWChem_1JCH_mulliken,SP2,164.2431,163.2,-1.0431,1.0431
139_NWChem_1JCH_mulliken,SP2,157.9952,159,1.0048,1.0048
107_NWChem_1JCH_mulliken,SP2,163.3012,162.3,-1.0012,1.0012
110_NWChem_1JCH_mulliken,SP2,164.4094,165.4,0.9906,0.9906
144_NWChem_1JCH_mulliken,SP2,159.041,160,0.959,0.959
151_NWChem_1JCH_mulliken,SP2,208.0556,207.1,-0.9556,0.9556
174_NWChem_1JCH_mulliken,SP2,159.4513,160.4,0.9487,0.9487
106_NWChem_1JCH_mulliken,SP2,157.4449,156.5,-0.9449,0.9449
106_NWChem_1JCH_mulliken,SP2,157.4432,156.5,-0.9432,0.9432
106_NWChem_1JCH_mulliken,SP2,157.4426,156.5,-0.9426,0.9426
115_NWChem_1JCH_mulliken,SP2,161.8418,160.9,-0.9418,0.9418
106_NWChem_1JCH_mulliken,SP2,157.4395,156.5,-0.9395,0.9395
161_NWChem_1JCH_mulliken,SP2,183.6709,184.6,0.9291,0.9291
96_NWChem_1JCH_mulliken,SP2,154.50675,153.6,-0.90675,0.90675
141_NWChem_1JCH_mulliken,SP2,156.9062,156,-0.9062,0.9062
79_NWChem_1JCH_mulliken,SP2,158.1045,157.2,-0.9045,0.9045
175_NWChem_1JCH_mulliken,SP2,161.3879,160.5,-0.8879,0.8879
180_NWChem_1JCH_mulliken,SP2,165.777,164.9,-0.877,0.877
152_NWChem_1JCH_mulliken,SP2,171.9601,172.8,0.8399,0.8399
139_NWChem_1JCH_mulliken,SP2,154.1982,155,0.8018,0.8018
177_NWChem_1JCH_mulliken,SP2,159.2775,158.5,-0.7775,0.7775
141_NWChem_1JCH_mulliken,SP2,157.7768,157,-0.7768,0.7768
111_NWChem_1JCH_mulliken,SP2,163.7566,163,-0.7566,0.7566
146_NWChem_1JCH_mulliken,SP2,160.2613,161,0.7387,0.7387
161_NWChem_1JCH_mulliken,SP2,188.3219,187.6,-0.7219,0.7219
138_NWChem_1JCH_mulliken,SP2,156.212,155.5,-0.712,0.712
174_NWChem_1JCH_mulliken,SP2,161.21025,161.9,0.68975,0.68975
185_NWChem_1JCH_mulliken,SP2,169.0851,168.4,-0.6851,0.6851
132_NWChem_1JCH_mulliken,SP2,150.32035,151,0.67965,0.67965
132_NWChem_1JCH_mulliken,SP2,150.322,151,0.678,0.678
105_NWChem_1JCH_mulliken,SP2,255.6601,255,-0.6601,0.6601
128_NWChem_1JCH_mulliken,SP2,157.4415,158.1,0.6585,0.6585
129_NWChem_1JCH_mulliken,SP2,158.762,159.4,0.638,0.638
174_NWChem_1JCH_mulliken,SP2,161.6364,161,-0.6364,0.6364
181_NWChem_1JCH_mulliken,SP2,163.2262,162.6,-0.6262,0.6262
133_NWChem_1JCH_mulliken,SP2,161.98355,162.6,0.61645,0.61645
177_NWChem_1JCH_mulliken,SP2,159.7953,160.4,0.6047,0.6047
152_NWChem_1JCH_mulliken,SP2,170.3948,169.8,-0.5948,0.5948
127_NWChem_1JCH_mulliken,SP2,158.21,158.8,0.59,0.59
182_NWChem_1JCH_mulliken,SP2,169.3833,168.8,-0.5833,0.5833
131_NWChem_1JCH_mulliken,SP2,151.8178,152.4,0.5822,0.5822
163_NWChem_1JCH_mulliken,SP2,209.6785,209.1,-0.5785,0.5785
133_NWChem_1JCH_mulliken,SP2,160.5395,161.1,0.5605,0.5605
98_NWChem_1JCH_mulliken,SP2,159.4454,160,0.5546,0.5546
132_NWChem_1JCH_mulliken,SP2,166.4454,167,0.5546,0.5546
132_NWChem_1JCH_mulliken,SP2,166.446,167,0.554,0.554
181_NWChem_1JCH_mulliken,SP2,160.5484,161.1,0.5516,0.5516
180_NWChem_1JCH_mulliken,SP2,160.8688,161.4,0.5312,0.5312
148_NWChem_1JCH_mulliken,SP2,165.6711,166.2,0.5289,0.5289
127_NWChem_1JCH_mulliken,SP2,158.9719,159.5,0.5281,0.5281
129_NWChem_1JCH_mulliken,SP2,158.3038,158.8,0.4962,0.4962
96_NWChem_1JCH_mulliken,SP2,154.72585,155.2,0.47415,0.47415
129_NWChem_1JCH_mulliken,SP2,158.5317,159,0.4683,0.4683
78_NWChem_1JCH_mulliken,SP2,154.449,154,-0.449,0.449
121_NWChem_1JCH_mulliken,SP2,191.6148,191.2,-0.4148,0.4148
161_NWChem_1JCH_mulliken,SP2,203.0899,203.5,0.4101,0.4101
116_NWChem_1JCH_mulliken,SP2,200.6042,200.2,-0.4042,0.4042
97_NWChem_1JCH_mulliken,SP2,154.59635,155,0.40365,0.40365
152_NWChem_1JCH_mulliken,SP2,164.6988,165.1,0.4012,0.4012
128_NWChem_1JCH_mulliken,SP2,159.301,159.7,0.399,0.399
128_NWChem_1JCH_mulliken,SP2,158.921275,159.3,0.378725,0.378725
132_NWChem_1JCH_mulliken,SP2,156.3785,156,-0.3785,0.3785
131_NWChem_1JCH_mulliken,SP2,155.3237,155.7,0.3763,0.3763
131_NWChem_1JCH_mulliken,SP2,155.3239,155.7,0.3761,0.3761
169_NWChem_1JCH_mulliken,SP2,160.6497,161,0.3503,0.3503
180_NWChem_1JCH_mulliken,SP2,161.0557,161.4,0.3443,0.3443
166_NWChem_1JCH_mulliken,SP2,164.9567,165.3,0.3433,0.3433
170_NWChem_1JCH_mulliken,SP2,159.3313,159,-0.3313,0.3313
107_NWChem_1JCH_mulliken,SP2,162.6158,162.3,-0.3158,0.3158
150_NWChem_1JCH_mulliken,SP2,207.202,207.5,0.298,0.298
152_NWChem_1JCH_mulliken,SP2,170.0705,169.8,-0.2705,0.2705
172_NWChem_1JCH_mulliken,SP2,159.0685,158.8,-0.2685,0.2685
162_NWChem_1JCH_mulliken,SP2,173.0369,173.3,0.2631,0.2631
79_NWChem_1JCH_mulliken,SP2,149.8467,150.1,0.2533,0.2533
177_NWChem_1JCH_mulliken,SP2,158.6519,158.4,-0.2519,0.2519
147_NWChem_1JCH_mulliken,SP2,182.2568,182.5,0.2432,0.2432
152_NWChem_1JCH_mulliken,SP2,173.6603,173.9,0.2397,0.2397
171_NWChem_1JCH_mulliken,SP2,156.31265,156.1,-0.21265,0.21265
107_NWChem_1JCH_mulliken,SP2,156.7962,156.6,-0.1962,0.1962
137_NWChem_1JCH_mulliken,SP2,157.3064,157.5,0.1936,0.1936
130_NWChem_1JCH_mulliken,SP2,170.8145,171,0.1855,0.1855
171_NWChem_1JCH_mulliken,SP2,157.52615,157.7,0.17385,0.17385
158_NWChem_1JCH_mulliken,SP2,194.471,194.3,-0.171,0.171
77_NWChem_1JCH_mulliken,SP2,152.5333,152.7,0.1667,0.1667
126_NWChem_1JCH_mulliken,SP2,158.5490333,158.4,-0.1490333,0.1490333
181_NWChem_1JCH_mulliken,SP2,161.2565,161.4,0.1435,0.1435
106_NWChem_1JCH_mulliken,SP2,156.2278,156.1,-0.1278,0.1278
106_NWChem_1JCH_mulliken,SP2,156.227,156.1,-0.127,0.127
106_NWChem_1JCH_mulliken,SP2,156.225,156.1,-0.125,0.125
106_NWChem_1JCH_mulliken,SP2,156.223,156.1,-0.123,0.123
146_NWChem_1JCH_mulliken,SP2,160.8802,161,0.1198,0.1198
144_NWChem_1JCH_mulliken,SP2,177.8806,178,0.1194,0.1194
209_NWChem_1JCH_mulliken,SP2,226.0862,226.2,0.1138,0.1138
146_NWChem_1JCH_mulliken,SP2,177.9209,178,0.0791,0.0791
173_NWChem_1JCH_mulliken,SP2,165.2222,165.3,0.0778,0.0778
168_NWChem_1JCH_mulliken,SP2,159.9254,160,0.0746,0.0746
171_NWChem_1JCH_mulliken,SP2,158.033,158.1,0.067,0.067
124_NWChem_1JCH_mulliken,SP2,226.1387,226.2,0.0613,0.0613
166_NWChem_1JCH_mulliken,SP2,172.3403,172.4,0.0597,0.0597
175_NWChem_1JCH_mulliken,SP2,156.8602,156.9,0.0398,0.0398
170_NWChem_1JCH_mulliken,SP2,160.9666,161,0.0334,0.0334
172_NWChem_1JCH_mulliken,SP2,157.6312,157.6,-0.0312,0.0312
208_NWChem_1JCH_mulliken,SP2,191.1749,191.2,0.0251,0.0251
172_NWChem_1JCH_mulliken,SP2,155.9207,155.9,-0.0207,0.0207
96_NWChem_1JCH_mulliken,SP2,159.40805,159.4,-0.00805,0.00805
66_NWChem_1JCH_mulliken,SP1,259.4628,247,-12.4628,12.4628
192_NWChem_1JCH_mulliken,SP1,265.4909,247.4,-18.0909,18.0909
190_NWChem_1JCH_mulliken,SP1,259.4645,248,-11.4645,11.4645
63_NWChem_1JCH_mulliken,SP1,260.9445,249,-11.9445,11.9445
191_NWChem_1JCH_mulliken,SP1,261.0429,251,-10.0429,10.0429
193_NWChem_1JCH_mulliken,SP1,271.3989,259,-12.3989,12.3989
199_NWChem_1JCH_mulliken,SP1,270.863,267,-3.863,3.863
194_NWChem_1JCH_mulliken,SP1,280.5451,269,-11.5451,11.5451
197_NWChem_1JCH_mulliken,SP1,278.5777,270,-8.5777,8.5777
198_NWChem_1JCH_mulliken,SP1,292.4679,277.5,-14.9679,14.9679
